{"data":{"background":{"childImageSharp":{"fluid":{"src":"/static/3fd6e620cf6ee0d8e198159b74c702d7/5ea17/bg2.jpg"}}},"web":{"childImageSharp":{"fluid":{"src":"/static/6f635ee5135117e423ff1d788d023130/46604/web.png"}}},"mobile":{"childImageSharp":{"fluid":{"src":"/static/39c6218b12a813a544998c55252aaa17/46604/mobile.png"}}},"seo":{"childImageSharp":{"fluid":{"src":"/static/a766308f04e02a7a3e558ff0bde89157/46604/seo2.png"}}},"email":{"childImageSharp":{"fluid":{"src":"/static/6d07fc1b980dba43d84080319df3731b/46604/email.png"}}},"ui":{"childImageSharp":{"fluid":{"src":"/static/5319de19e98b70d06aaa829436fddf56/46604/sketch.png"}}},"network":{"childImageSharp":{"fluid":{"src":"/static/fd45a19e919ae5aa6b04c6eae389733f/46604/network.png"}}}}}