{"data":{"clients":{"edges":[{"node":{"childImageSharp":{"fluid":{"src":"/static/8b7e521d662ad6f8b72a89d5d0613102/46604/client-1.png"}}}},{"node":{"childImageSharp":{"fluid":{"src":"/static/494200ac8817ee13f57351140e4590bf/46604/client-3.png"}}}},{"node":{"childImageSharp":{"fluid":{"src":"/static/a8494677dd35bd712c3398afd84b02d0/46604/client-5.png"}}}},{"node":{"childImageSharp":{"fluid":{"src":"/static/a85b153f75972e79d9f3e71f829548ce/46604/client-2.png"}}}},{"node":{"childImageSharp":{"fluid":{"src":"/static/151bb2e1932da8d3d8aa690ecde37f15/46604/client-4.png"}}}},{"node":{"childImageSharp":{"fluid":{"src":"/static/35e19c546710d9377dd267b2b4e0c616/46604/client-6.png"}}}}]}}}