{"data":{"quotation_up":{"childImageSharp":{"fluid":{"src":"/static/748fbd49d4b4035a015d4f0400535d6f/46604/quotation-up.png"}}},"quotation_down":{"childImageSharp":{"fluid":{"src":"/static/5231b6bc7d20f1ca79342b9d075407de/46604/quotation-down.png"}}},"testimonials":{"edges":[{"content":{"frontmatter":{"id":1,"name":"Leandro Costa","profession":"Empresário","text":"Minha empresa não seria nada sem a ajuda da WEBCK SOLUÇÕES, que fez toda parte de identidade visual, logotipo e marketing digital da Lavebem.","image":{"childImageSharp":{"fluid":{"src":"/static/958f0b3e8bfd716d138cad98790adbc5/8295c/image.jpg"}}},"large":{"childImageSharp":{"fluid":{"src":"/static/07744f59ab05f5e6be058c4799e172a8/cd50d/large.jpg"}}}}}}]}}}