{"name":"build-javascript","namedChunkGroups":{"polyfill":{"name":"polyfill","assets":[{"name":"webpack-runtime-c71b2b05c3eb7232e84a.js","size":4499},{"name":"polyfill-82df740e7cad994d0af0.js","size":85870}],"filteredAssets":0,"assetsSize":90369,"filteredAuxiliaryAssets":2,"auxiliaryAssetsSize":225989},"app":{"name":"app","assets":[{"name":"webpack-runtime-c71b2b05c3eb7232e84a.js","size":4499},{"name":"framework-ec3d15afe0a3f6f573ef.js","size":130511},{"name":"app-aaf4135a23c4680af4cd.js","size":91773}],"filteredAssets":0,"assetsSize":226783,"filteredAuxiliaryAssets":3,"auxiliaryAssetsSize":684286},"component---src-pages-404-js":{"name":"component---src-pages-404-js","assets":[{"name":"framework-ec3d15afe0a3f6f573ef.js","size":130511},{"name":"commons-b77ed83c6752211414c7.js","size":17870},{"name":"component---src-pages-404-js-cd9d558f287c94ddfeb5.js","size":3252}],"filteredAssets":0,"assetsSize":151633,"filteredAuxiliaryAssets":3,"auxiliaryAssetsSize":403903},"component---src-pages-index-js":{"name":"component---src-pages-index-js","assets":[{"name":"framework-ec3d15afe0a3f6f573ef.js","size":130511},{"name":"styles.67d085f21d8107c1ba7f.css","size":235851},{"name":"cb1608f2-12efe095e0225b0b0b61.js","size":751},{"name":"commons-b77ed83c6752211414c7.js","size":17870},{"name":"component---src-pages-index-js-b0d5b649f22f8aa821cc.js","size":235127}],"filteredAssets":0,"assetsSize":620110,"filteredAuxiliaryAssets":10,"auxiliaryAssetsSize":2461142}},"assetsByChunkName":{"polyfill":["webpack-runtime-c71b2b05c3eb7232e84a.js","polyfill-82df740e7cad994d0af0.js"],"app":["webpack-runtime-c71b2b05c3eb7232e84a.js","framework-ec3d15afe0a3f6f573ef.js","app-aaf4135a23c4680af4cd.js"],"component---src-pages-404-js":["framework-ec3d15afe0a3f6f573ef.js","commons-b77ed83c6752211414c7.js","component---src-pages-404-js-cd9d558f287c94ddfeb5.js"],"component---src-pages-index-js":["framework-ec3d15afe0a3f6f573ef.js","styles.67d085f21d8107c1ba7f.css","cb1608f2-12efe095e0225b0b0b61.js","commons-b77ed83c6752211414c7.js","component---src-pages-index-js-b0d5b649f22f8aa821cc.js"]},"childAssetsByChunkName":{}}